,Cognitive & Biological Sciences,Artificial Intelligence and Computational Models,Psychology and Experimental Research,Quantum Theories of Consciousness,Philosophy of Mind,"Cultural, Spiritual, and Anthropological Perspectives",Unknown
Cognitive & Biological Sciences,0.9999999999999987,0.8080682295430335,0.6086922453670877,0.8175182322823794,0.7770753495565557,0.7532215571834213,0.8967563190366635
Artificial Intelligence and Computational Models,0.8080682295430335,1.0000000000000016,0.6709514399422775,0.7093312052680857,0.7990431303231131,0.6462448866031933,0.7838100637978902
Psychology and Experimental Research,0.6086922453670877,0.6709514399422775,0.9999999999999996,0.5088236517266155,0.5736947927868481,0.4926878844331393,0.5413696066175668
Quantum Theories of Consciousness,0.8175182322823794,0.7093312052680857,0.5088236517266155,0.9999999999999999,0.7897846113052254,0.7635258332496182,0.7833661405492099
Philosophy of Mind,0.7770753495565557,0.7990431303231131,0.5736947927868481,0.7897846113052254,1.0000000000000009,0.7458918414842622,0.8201626251154958
"Cultural, Spiritual, and Anthropological Perspectives",0.7532215571834213,0.6462448866031933,0.4926878844331393,0.7635258332496182,0.7458918414842622,0.9999999999999991,0.7350010135102217
Unknown,0.8967563190366635,0.7838100637978902,0.5413696066175668,0.7833661405492099,0.8201626251154958,0.7350010135102217,0.9999999999999992
